SEQUENCE,CITYMUNI,Province,W
30801000,ABUCAY,BATAAN,0.5
21501000,ABULUG,CAGAYAN,0.5
142708000,AGUINALDO,IFUGAO,0.5
15504000,ALCALA,CAGAYAN,0.5
72202000,ALCOY,CEBU,1
72203000,ALEGRIA,CEBU,1
142707000,ALFONSO LISTA (POTIA),IFUGAO,0.5
23101000,ALICIA,BOHOL,1
12901000,ALILEM,ILOCOS SUR,1
63002000,ALIMODIAN,ILOILO,0.5
41002000,ALITAGTAG,BATANGAS,1
21503000,ALLACAPAN,CAGAYAN,0.5
72204000,ALOGUINSAN,CEBU,1
42102000,AMADEO,CAVITE,0.5
21504000,AMULUNG,CAGAYAN,0.5
15505000,ANDA,BOHOL,1
31401000,ANGAT,BULACAN,1
63003000,ANILAO,ILOILO,0.5
72205000,ARGAO,CEBU,1
72206000,ASTURIAS,CEBU,1
141101000,ATOK,BENGUET,1
51701000,BAAO,CAMARINES SUR,1
12802000,BACARRA,ILOCOS NORTE,1
63004000,BADIANGAN,ILOILO,0.5
30802000,BAGAC,BATAAN,0.5
21506000,BAGGAO,CAGAYAN,0.5
141102000,BAGUIO CITY,BENGUET,1
141103000,BAKUN,BENGUET,1
31402000,BALAGTAS (BIGAA),BULACAN,1
72208000,BALAMBAN,CEBU,1
63005000,BALASAN,ILOILO,0.5
51702000,BALATAN,CAMARINES SUR,1
41003000,BALAYAN,BATANGAS,1
41004000,BALETE,AKLAN,0.5
31403000,BALIUAG,BULACAN,1
21507000,BALLESTEROS,CAGAYAN,0.5
63006000,BANATE,ILOILO,0.5
112502000,BANAYBANAY,DAVAO ORIENTAL,1
12902000,BANAYOYO,ILOCOS SUR,1
60403000,BANGA,AKLAN,0.5
12804000,BANGUI,ILOCOS NORTE,1
12811000,BANNA (ESPIRITU),ILOCOS NORTE,1
112401000,BANSALAN,DAVAO DEL SUR,1
12903000,BANTAY,ILOCOS SUR,1
60602000,BARBAZA,ANTIQUE,1
72210000,BARILI,CEBU,1
63007000,BAROTAC NUEVO,ILOILO,0.5
51601000,BASUD,CAMARINES NORTE,0.5
51703000,BATO,CAMARINES SUR,1
54104000,BATUAN,BOHOL,1
41006000,BAUAN,BATANGAS,1
101301000,BAUNGON,BUKIDNON,1
160301000,BAYUGAN,AGUSAN DEL SUR,0.5
60603000,BELISON,ANTIQUE,1
71208000,BILAR,BOHOL,1
87802000,BILIRAN,BILIRAN,1
31404000,BOCAUE,BULACAN,1
72211000,BOGO,CEBU,1
141104000,BOKOD,BENGUET,1
72212000,BOLJOON,CEBU,1
51704000,BOMBON,CAMARINES SUR,1
72213000,BORBON,CEBU,1
112323000,BRAULIO E. DUJALI,DAVAO DEL NORTE,0.5
140103000,BUCAY,ABRA,1
45605000,BUENAVISTA,AGUSAN DEL NORTE,0.5
21508000,BUGUEY,CAGAYAN,0.5
141105000,BUGUIAS,BENGUET,1
51705000,BUHI,CAMARINES SUR,1
51706000,BULA,CAMARINES SUR,1
31405000,BULACAN,BULACAN,1
160302000,BUNAWAN,AGUSAN DEL SUR,0.5
12806000,BURGOS,ILOCOS NORTE,1
12806000,BURGOS,ILOCOS SUR,1
60405000,BURUANGA,AKLAN,0.5
31406000,BUSTOS,BULACAN,1
160203000,CABADBARAN,AGUSAN DEL NORTE,0.5
101322000,CABANGLASAN,BUKIDNON,1
51707000,CABUSAO,CAMARINES SUR,1
41007000,CALACA,BATANGAS,1
148101000,CALANASAN (BAYAG),APAYAO,0.5
41008000,CALATAGAN,BATANGAS,1
31407000,CALUMPIT,BULACAN,1
21510000,CAMALANIUGAN,CAGAYAN,0.5
50502000,CAMALIG,ALBAY,0.5
51709000,CAMALIGAN,CAMARINES SUR,1
82605000,CAN-AVID,EASTERN SAMAR,0.5
51710000,CANAMAN,CAMARINES SUR,1
12907000,CAOAYAN,ILOCOS SUR,1
51602000,CAPALONGA,CAMARINES NORTE,0.5
52004000,CARAMORAN,CATANDUANES,1
72214000,CARCAR,CEBU,1
71212000,CARMEN,AGUSAN DEL NORTE,0.5
71212000,CARMEN,BOHOL,1
71212000,CARMEN,DAVAO DEL NORTE,0.5
42104000,CARMONA,CAVITE,0.5
112505000,CATEEL,DAVAO ORIENTAL,1
71213000,CATIGBIAN,BOHOL,1
72216000,CATMON,CEBU,1
12908000,CERVANTES,ILOCOS SUR,1
71214000,CLARIN,BOHOL,1
21511000,CLAVERIA,CAGAYAN,0.5
72218000,COMPOSTELA,CEBU,1
72218000,COMPOSTELA,COMPOSTELA VALLEY,0.5
148102000,CONNER,APAYAO,0.5
72219000,CONSOLACION,CEBU,1
61901000,CUARTERO,CAPIZ,0.5
12808000,CURRIMAO,ILOCOS NORTE,1
71217000,DAGOHOY,BOHOL,1
72222000,DALAGUETE,CEBU,1
71218000,DANAO,BOHOL,1
101303000,DANGCAGAN,BUKIDNON,1
140106000,DANGLAS,ABRA,1
61902000,DAO,CAPIZ,0.5
50503000,DARAGA (LOCSIN),ALBAY,0.5
42106000,DASMARIÑAS,CAVITE,0.5
71219000,DAUIS,BOHOL,1
112402000,DAVAO CITY,DAVAO DEL SUR,1
37703000,DILASAG,AURORA,0.5
112403000,DIGOS CITY (Capital),DAVAO DEL SUR,1
71220000,DIMIAO,BOHOL,1
37704000,DINALUNGAN,AURORA,0.5
30804000,DINALUPIHAN,BATAAN,0.5
12809000,DINGRAS,ILOCOS NORTE,1
37706000,DIPACULAO,AURORA,0.5
140107000,DOLORES,ABRA,1
101304000,DON CARLOS,BUKIDNON,1
71221000,DUERO,BOHOL,1
61903000,DUMALAG,CAPIZ,0.5
12810000,DUMALNEG,ILOCOS NORTE,1
61904000,DUMARAO,CAPIZ,0.5
21512000,ENRILE,CAGAYAN,0.5
54109000,ESPERANZA,AGUSAN DEL SUR,0.5
148103000,FLORA,APAYAO,0.5
51713000,GAINZA,CAMARINES SUR,1
12909000,GALIMUYOD,ILOCOS SUR,1
71222000,GARCIA HERNANDEZ,BOHOL,1
21513000,GATTARAN,CAGAYAN,0.5
42108000,GENERAL TRIAS,CAVITE,0.5
72225000,GINATILAN,CEBU,1
51715000,GOA,CAMARINES SUR,1
21514000,GONZAGA,CAGAYAN,0.5
31408000,GUIGUINTO,BULACAN,1
71223000,GUINDULMAN,BOHOL,1
50504000,GUINOBATAN,ALBAY,0.5
31409000,HAGONOY,BULACAN,1
31409000,HAGONOY,DAVAO DEL SUR,1
60608000,HAMTIC,ANTIQUE,1
30805000,HERMOSA,BATAAN,0.5
41010000,IBAAN,BATANGAS,1
60406000,IBAJAY,AKLAN,0.5
21515000,IGUIG,CAGAYAN,0.5
101305000,IMPASUG-ONG,BUKIDNON,1
42109000,IMUS,CAVITE,0.5
42110000,INDANG,CAVITE,0.5
51716000,IRIGA CITY,CAMARINES SUR,1
141106000,ITOGON,BENGUET,1
160205000,JABONGA,AGUSAN DEL NORTE,0.5
71225000,JAGNA,BOHOL,1
61906000,JAMINDAN,CAPIZ,0.5
118602000,JOSE ABAD SANTOS (TRINIDAD),DAVAO DEL SUR,1
51605000,JOSE PANGANIBAN,CAMARINES NORTE,0.5
148104000,KABUGAO (Capital),APAYAO,0.5
101306000,KADINGILAN,BUKIDNON,1
101307000,KALILANGAN,BUKIDNON,1
141108000,KAPANGAN,BENGUET,1
42111000,KAWIT,CAVITE,0.5
142703000,KIANGAN,IFUGAO,0.5
112406000,KIBLAWAN,DAVAO DEL SUR,1
140108000,LA PAZ,ABRA,1
140108000,LA PAZ,AGUSAN DEL SUR,0.5
51606000,LABO,CAMARINES NORTE,0.5
140110000,LAGANGILANG,ABRA,1
140111000,LAGAYAN,ABRA,1
142704000,LAGAWE (Capital),IFUGAO,0.5
51717000,LAGONOY,CAMARINES SUR,1
142705000,LAMUT,IFUGAO,0.5
140112000,LANGIDEN,ABRA,1
101310000,LANTAPAN,BUKIDNON,1
160207000,LAS NIEVES,AGUSAN DEL NORTE,0.5
21517000,LASAM,CAGAYAN,0.5
60609000,LAUA-AN,ANTIQUE,1
41011000,LAUREL,BATANGAS,1
41012000,LEMERY,BATANGAS,1
60408000,LEZO,AKLAN,0.5
41013000,LIAN,BATANGAS,1
60409000,LIBACAO,AKLAN,0.5
60610000,LIBERTAD,ANTIQUE,1
50507000,LIBON,ALBAY,0.5
101311000,LIBONA,BUKIDNON,1
71227000,LILA,BOHOL,1
72227000,LILOAN,CEBU,1
30806000,LIMAY,BATAAN,0.5
41014000,LIPA CITY,BATANGAS,1
41015000,LOBO,BATANGAS,1
160305000,LORETO,AGUSAN DEL SUR,0.5
140114000,LUBA,ABRA,1
148105000,LUNA,APAYAO,0.5
51719000,LUPI,CAMARINES SUR,1
112507000,LUPON,DAVAO ORIENTAL,1
61907000,MA-AYON,CAPIZ,0.5
15523000,MABINI,BATANGAS,1
118204000,MACO,COMPOSTELA VALLEY,0.5
72228000,MADRIDEJOS,CEBU,1
42112000,MAGALLANES,CAVITE,0.5
51720000,MAGARAO,CAMARINES SUR,1
175105000,MAGSAYSAY,DAVAO DEL SUR,1
12912000,MAGSINGAL,ILOCOS SUR,1
60411000,MAKATO,AKLAN,0.5
72229000,MALABUYOC,CEBU,1
140115000,MALIBCONG,ABRA,1
50510000,MALINAO,AKLAN,0.5
50510000,MALINAO,ALBAY,0.5
118603000,MALITA,DAVAO DEL SUR,1
86409000,MALITBOG,BUKIDNON,1
41017000,MALVAR,BATANGAS,1
61908000,MAMBUSAO,CAPIZ,0.5
140116000,MANABO,ABRA,1
141111000,MANKAYAN,BENGUET,1
101314000,MANOLO FORTICH,BUKIDNON,1
42113000,MARAGONDON,CAVITE,0.5
118205000,MARAGUSAN (SAN MARIANO),COMPOSTELA VALLEY,0.5
101315000,MARAMAG,BUKIDNON,1
12813000,MARCOS,ILOCOS NORTE,1
37707000,MARIA AURORA,AURORA,0.5
71232000,MARIBOJOC,BOHOL,1
31411000,MARILAO,BULACAN,1
112410000,MATANAO,DAVAO DEL SUR,1
118206000,MAWAB,COMPOSTELA VALLEY,0.5
142706000,MAYOYAO,IFUGAO,0.5
51721000,MILAOR,CAMARINES SUR,1
51722000,MINALABAC,CAMARINES SUR,1
72232000,MINGLANILLA,CEBU,1
118207000,MONKAYO,COMPOSTELA VALLEY,0.5
118208000,MONTEVISTA,COMPOSTELA VALLEY,0.5
60414000,NABAS,AKLAN,0.5
51723000,NABUA,CAMARINES SUR,1
118209000,NABUNTURAN,COMPOSTELA VALLEY,0.5
98309000,NAGA,CEBU,1
12913000,NAGBUKEL,ILOCOS SUR,1
42115000,NAIC,CAVITE,0.5
12914000,NARVACAN,ILOCOS SUR,1
160209000,NASIPIT,AGUSAN DEL NORTE,0.5
118210000,NEW BATAAN,COMPOSTELA VALLEY,0.5
112314000,NEW CORELLA,DAVAO DEL NORTE,0.5
31413000,NORZAGARAY,BULACAN,1
42116000,NOVELETA,CAVITE,0.5
12814000,NUEVA ERA,ILOCOS NORTE,1
60416000,NUMANCIA,AKLAN,0.5
50512000,OAS,ALBAY,0.5
51725000,OCAMPO,CAMARINES SUR,1
30810000,ORION,BATAAN,0.5
72235000,OSLOB,CEBU,1
41020000,PADRE GARCIA,BATANGAS,1
184616000,PAMPLONA,CAGAYAN,0.5
184616000,PAMPLONA,CAMARINES SUR,1
112315000,PANABO CITY,DAVAO DEL NORTE,0.5
52006000,PANDAN,ANTIQUE,1
31415000,PANDI,BULACAN,1
101316000,PANGANTUCAN,BUKIDNON,1
61910000,PANITAN,CAPIZ,0.5
12816000,PAOAY,ILOCOS NORTE,1
31416000,PAOMBONG,BULACAN,1
51727000,PASACAO,CAMARINES SUR,1
12817000,PASUQUIN,ILOCOS NORTE,1
60612000,PATNONGON,ANTIQUE,1
21520000,PIAT,CAGAYAN,0.5
12818000,PIDDIG,ILOCOS NORTE,1
140119000,PILAR,ABRA,1
140119000,PILAR,BATAAN,0.5
140119000,PILAR,BOHOL,1
140119000,PILAR,CEBU,1
72237000,PINAMUNGAHAN,CEBU,1
12819000,PINILI,ILOCOS NORTE,1
50513000,PIO DURAN,ALBAY,0.5
31417000,PLARIDEL,BULACAN,1
50514000,POLANGUI,ALBAY,0.5
72238000,PORO,CEBU,1
148106000,PUDTOL,APAYAO,0.5
31418000,PULILAN,BULACAN,1
23122000,QUEZON,BUKIDNON,1
12915000,QUIRINO (ANGKAKI),ILOCOS SUR,1
160212000,REMEDIOS T. ROMUALDEZ,AGUSAN DEL NORTE,0.5
21521000,RIZAL,CAGAYAN,0.5
72239000,RONDA,CEBU,1
13313000,ROSARIO,AGUSAN DEL SUR,0.5
13313000,ROSARIO,BATANGAS,1
13313000,ROSARIO,CAVITE,0.5
71236000,SAGBAYAN (BORJA),BOHOL,1
12916000,SALCEDO (BAUGEN),ILOCOS SUR,1
30812000,SAMAL,BATAAN,0.5
72240000,SAMBOAN,CEBU,1
52008000,SAN ANDRES (CALOLBON),CATANDUANES,1
12917000,SAN EMILIO,ILOCOS SUR,1
12918000,SAN ESTEBAN,ILOCOS SUR,1
175913000,SAN FERNANDO,BUKIDNON,1
175913000,SAN FERNANDO,CAMARINES SUR,1
175913000,SAN FERNANDO,CEBU,1
72242000,SAN FRANCISCO,AGUSAN DEL SUR,0.5
12919000,SAN ILDEFONSO,BULACAN,1
12919000,SAN ILDEFONSO,ILOCOS SUR,1
140121000,SAN ISIDRO,ABRA,1
140121000,SAN ISIDRO,BOHOL,1
140121000,SAN ISIDRO,DAVAO DEL NORTE,0.5
140121000,SAN ISIDRO,DAVAO ORIENTAL,1
184617000,SAN JOSE,BATANGAS,1
184617000,SAN JOSE,CAMARINES SUR,1
140122000,SAN JUAN,ABRA,1
31420000,SAN JOSE DEL MONTE CITY,BULACAN,1
140122000,SAN JUAN,BATANGAS,1
12920000,SAN JUAN (LAPOG),ILOCOS SUR,1
67904000,SAN LORENZO,GUIMARAS,0.92
35417000,SAN LUIS,AGUSAN DEL SUR,0.5
35417000,SAN LUIS,AURORA,0.5
35417000,SAN LUIS,BATANGAS,1
31421000,SAN MIGUEL,BOHOL,1
31421000,SAN MIGUEL,BULACAN,1
31421000,SAN MIGUEL,CATANDUANES,1
12820000,SAN NICOLAS,ILOCOS NORTE,1
41026000,SAN PASCUAL,BATANGAS,1
140123000,SAN QUINTIN,ABRA,1
31422000,SAN RAFAEL,BULACAN,1
60614000,SAN REMIGIO,ANTIQUE,1
60614000,SAN REMIGIO,CEBU,1
12921000,SAN VICENTE,CAMARINES NORTE,0.5
12921000,SAN VICENTE,ILOCOS SUR,1
21522000,SANCHEZ-MIRA,CAGAYAN,0.5
12922000,SANTA,ILOCOS SUR,1
184618000,SANTA CATALINA,ILOCOS SUR,1
12924000,SANTA CRUZ,DAVAO DEL SUR,1
12924000,SANTA CRUZ,ILOCOS SUR,1
51610000,SANTA ELENA,CAMARINES NORTE,0.5
160310000,SANTA JOSEFA,AGUSAN DEL SUR,0.5
12925000,SANTA LUCIA,ILOCOS SUR,1
148107000,SANTA MARCELA,APAYAO,0.5
12926000,SANTA MARIA,BULACAN,1
12926000,SANTA MARIA,DAVAO DEL SUR,1
12926000,SANTA MARIA,ILOCOS SUR,1
21525000,SANTA TERESITA,BATANGAS,1
12927000,SANTIAGO,AGUSAN DEL NORTE,0.5
12927000,SANTIAGO,ILOCOS SUR,1
12928000,SANTO DOMINGO,ILOCOS SUR,1
50516000,SANTO DOMINGO (LIBOG),ALBAY,0.5
21526000,SANTO NIÑO (FAIRE),CAGAYAN,0.5
13317000,SANTO TOMAS,BATANGAS,1
13317000,SANTO TOMAS,DAVAO DEL NORTE,0.5
61915000,SAPI-AN,CAPIZ,0.5
12821000,SARRAT,ILOCOS NORTE,1
60615000,SEBASTE,ANTIQUE,1
60616000,SIBALOM,ANTIQUE,1
72246000,SIBONGA,CEBU,1
61916000,SIGMA,CAPIZ,0.5
42118000,SILANG,CAVITE,0.5
12930000,SINAIT,ILOCOS SUR,1
51734000,SIPOCOT,CAMARINES SUR,1
21527000,SOLANA,CAGAYAN,0.5
12822000,SOLSONA,ILOCOS NORTE,1
12931000,SUGPON,ILOCOS SUR,1
12932000,SUYO,ILOCOS SUR,1
72248000,TABOGON,CEBU,1
72249000,TABUELAN,CEBU,1
12933000,TAGUDIN,ILOCOS SUR,1
160311000,TALACOGON,AGUSAN DEL SUR,0.5
101320000,TALAKAG,BUKIDNON,1
41030000,TALISAY,CAMARINES NORTE,0.5
184528000,TALISAY CITY,CEBU,1
61917000,TAPAZ,CAPIZ,0.5
140124000,TAYUM,ABRA,1
60617000,TIBIAO,ANTIQUE,1
51736000,TIGAON,CAMARINES SUR,1
51737000,TINAMBAC,CAMARINES SUR,1
50518000,TIWI,ALBAY,0.5
60607000,TOBIAS FORNIER (DAO),ANTIQUE,1
72251000,TOLEDO CITY,CEBU,1
160312000,TRENTO,AGUSAN DEL SUR,0.5
71244000,TRINIDAD,BOHOL,1
42122000,TRECE MARTIRES CITY (Capital),CAVITE,0.5
21528000,TUAO,CAGAYAN,0.5
141113000,TUBA,BENGUET,1
168507000,TUBAJON,DINAGAT ISLAND,0.5
150707000,TUBURAN,BASILAN,1
21529000,TUGUEGARAO CITY (Capital),CAGAYAN,0.5
41034000,TUY,BATANGAS,1
60618000,VALDERRAMA,ANTIQUE,1
71247000,VALENCIA,BOHOL,1
160313000,VERUELA,AGUSAN DEL SUR,0.5
12823000,VINTAR,ILOCOS NORTE,1
160306000,PROSPERIDAD (Capital),AGUSAN DEL SUR,0.5
12805000,BATAC CITY,ILOCOS NORTE,1
12906000,CANDON CITY,ILOCOS SUR,1
41031000,TANAUAN CITY,BATANGAS,1
50508000,LIGAO CITY,ALBAY,0.5
150702000,LAMITAN CITY,BASILAN,1
184617000,SAN JOSE,DINAGAT ISLAND,0.5
101321000,VALENCIA CITY,BUKIDNON,1
140101000,BANGUED (Capital),ABRA,1
160202000,BUTUAN CITY (Capital),AGUSAN DEL NORTE,0.5
72217000,CEBU CITY (Capital),CEBU,1
51603000,DAET (Capital),CAMARINES NORTE,0.5
60407000,KALIBO (Capital),AKLAN,0.5
12812000,LAOAG CITY (Capital),ILOCOS NORTE,1
50506000,LEGAZPI CITY (Capital),ALBAY,0.5
101312000,MALAYBALAY CITY (Capital),BUKIDNON,1
51728000,PILI (Capital),CAMARINES SUR,1
60613000,SAN JOSE (Capital),ANTIQUE,1
52011000,VIRAC (Capital),CATANDUANES,1
112319000,TAGUM CITY (Capital),DAVAO DEL NORTE,0.5
30803000,BALANGA CITY(Capital),BATAAN,0.5
31410000,MALOLOS (Capital),BULACAN,1
175101000,ABRA DE ILOG,OCCIDENTAL MINDORO,1
83701000,ABUYOG,LEYTE,0.5
15501000,AGNO,PANGASINAN,1
13301000,AGOO,LA UNION,1
15502000,AGUILAR,PANGASINAN,1
124701000,ALAMADA,NORTH COTABATO,1
83702000,ALANGALANG,LEYTE,0.5
83703000,ALBUERA,LEYTE,0.5
15504000,ALCALA,PANGASINAN,1
124717000,ALEOSAN,NORTH COTABATO,1
25015000,ALFONSO CASTANEDA,NUEVA VIZCAYA,0.5
34901000,ALIAGA,NUEVA ECIJA,0.5
23101000,ALICIA,ISABELA,0.5
104201000,ALORAN,MISAMIS OCCIDENTAL,0.5
104301000,ALUBIJID,MISAMIS ORIENTAL,1
184601000,AMLAN (AYUQUITAN),NEGROS ORIENTAL,0.95
153801000,AMPATUAN,MAGUINDANAO,0.5
23102000,ANGADANAN,ISABELA,0.5
35401000,ANGELES CITY,PAMPANGA,1
124715000,ANTIPAS,NORTH COTABATO,1
35402000,APALIT,PAMPANGA,1
124718000,ARAKAN,NORTH COTABATO,1
35403000,ARAYAT,PAMPANGA,1
13302000,ARINGAY,LA UNION,1
25002000,ARITAO,NUEVA VIZCAYA,0.5
15506000,ASINGAN,PANGASINAN,1
23103000,AURORA,ISABELA,0.5
184602000,AYUNGON,NEGROS ORIENTAL,0.95
13303000,BACNOTAN,LA UNION,1
175201000,BACO,ORIENTAL MINDORO,0.5
184501000,BACOLOD CITY (Capital),NEGROS OCCIDENTAL,1
35404000,BACOLOR,PAMPANGA,1
25003000,BAGABAG,NUEVA VIZCAYA,0.5
184502000,BAGO CITY,NEGROS OCCIDENTAL,1
13305000,BALAOAN,LA UNION,1
104302000,BALINGASAG,MISAMIS ORIENTAL,1
103502000,BALOI,LANAO DEL NORTE,1
15507000,BALUNGAO,PANGASINAN,1
25004000,BAMBANG,NUEVA VIZCAYA,0.5
13306000,BANGAR,LA UNION,1
15508000,BANI,PANGASINAN,1
124716000,BANISILAN,NORTH COTABATO,1
175202000,BANSUD,ORIENTAL MINDORO,0.5
153818000,BARIRA,MAGUINDANAO,0.5
63008000,BAROTAC VIEJO,ILOILO,0.5
103503000,BAROY,LANAO DEL NORTE,1
83706000,BARUGO,LEYTE,0.5
184605000,BASAY,NEGROS ORIENTAL,0.95
15509000,BASISTA,PANGASINAN,1
13307000,BAUANG,LA UNION,1
144402000,BAUKO,MOUNTAIN PROVINCE,0.5
15510000,BAUTISTA,PANGASINAN,1
43402000,BAY,LAGUNA,0.5
15511000,BAYAMBANG,PANGASINAN,1
184606000,BAYAWAN CITY (TULONG),NEGROS ORIENTAL,0.95
83708000,BAYBAY,LEYTE,0.5
25005000,BAYOMBONG (Capital),NUEVA VIZCAYA,0.5
23104000,BENITO SOLIVEN,ISABELA,0.5
144403000,BESAO,MOUNTAIN PROVINCE,0.5
184503000,BINALBAGAN,NEGROS OCCIDENTAL,1
15512000,BINALONAN,PANGASINAN,1
43403000,BIÑAN,LAGUNA,0.5
184607000,BINDOY (PAYABON),NEGROS ORIENTAL,0.95
63010000,BINGAWAN,ILOILO,0.5
15513000,BINMALEY,PANGASINAN,1
104304000,BINUANGAN,MISAMIS ORIENTAL,1
34902000,BONGABON,NUEVA ECIJA,0.5
175203000,BONGABONG,ORIENTAL MINDORO,0.5
104203000,BONIFACIO,MISAMIS OCCIDENTAL,0.5
144404000,BONTOC (Capital),MOUNTAIN PROVINCE,0.5
175306000,BROOKE'S POINT,PALAWAN,1
153633000,BUADIPOSO-BUNTONG,LANAO DEL SUR,0.5
15515000,BUGALLON,PANGASINAN,1
153802000,BULDON,MAGUINDANAO,0.5
153803000,BULUAN,MAGUINDANAO,0.5
153637000,BUMBARAN,LANAO DEL SUR,0.5
83710000,BURAUEN,LEYTE,0.5
12806000,BURGOS,ISABELA,0.5
12806000,BURGOS,LA UNION,1
12806000,BURGOS,PANGASINAN,1
153607000,BUTIG,LANAO DEL SUR,0.5
13309000,CABA,LA UNION,1
23106000,CABAGAN,ISABELA,0.5
34903000,CABANATUAN CITY,NUEVA ECIJA,0.5
23107000,CABATUAN,ILOILO,0.5
23107000,CABATUAN,ISABELA,0.5
34904000,CABIAO,NUEVA ECIJA,0.5
184504000,CADIZ CITY,NEGROS OCCIDENTAL,1
104305000,CAGAYAN DE ORO CITY (Capital),MISAMIS ORIENTAL,1
15517000,CALASIAO,PANGASINAN,1
184505000,CALATRAVA,NEGROS OCCIDENTAL,1
43406000,CALAUAN,LAGUNA,0.5
63013000,CALINOG,ILOILO,0.5
175102000,CALINTAAN,OCCIDENTAL MINDORO,1
83713000,CALUBIAN,LEYTE,0.5
35405000,CANDABA,PAMPANGA,1
184506000,CANDONI,NEGROS OCCIDENTAL,1
184608000,CANLAON CITY,NEGROS ORIENTAL,0.95
83714000,CAPOOCAN,LEYTE,0.5
83715000,CARIGARA,LEYTE,0.5
71212000,CARMEN,NORTH COTABATO,1
34905000,CARRANGLAN,NUEVA ECIJA,0.5
54105000,CATAINGAN,MASBATE,1
71214000,CLARIN,MISAMIS OCCIDENTAL,0.5
21511000,CLAVERIA,MASBATE,1
21511000,CLAVERIA,MISAMIS ORIENTAL,1
36905000,CONCEPCION,MISAMIS OCCIDENTAL,0.5
23109000,CORDON,ISABELA,0.5
34906000,CUYAPO,NUEVA ECIJA,0.5
83717000,DAGAMI,LEYTE,0.5
15518000,DAGUPAN CITY,PANGASINAN,1
153828000,DATU ABDULLAH SANGKI,MAGUINDANAO,0.5
153830000,DATU BLAH T. SINSUAT,MAGUINDANAO,0.5
153835000,DATU HOFFER AMPATUAN,MAGUINDANAO,0.5
153807000,DATU ODIN SINSUAT (DINAIG),MAGUINDANAO,0.5
153805000,DATU PAGLAS,MAGUINDANAO,0.5
153806000,DATU PIANG,MAGUINDANAO,0.5
153826000,DATU SAUDI-AMPATUAN,MAGUINDANAO,0.5
23118000,DELFIN ALBANO (MAGSAYSAY),ISABELA,0.5
23110000,DINAPIGUE,ISABELA,0.5
63016000,DINGLE,ILOILO,0.5
23111000,DIVILACAN,ISABELA,0.5
63017000,DUEÑAS,ILOILO,0.5
83718000,DULAG,LEYTE,0.5
63018000,DUMANGAS,ILOILO,0.5
25007000,DUPAX DEL NORTE,NUEVA VIZCAYA,0.5
23112000,ECHAGUE,ISABELA,0.5
104307000,EL SALVADOR,MISAMIS ORIENTAL,1
54109000,ESPERANZA,MASBATE,1
43408000,FAMY,LAGUNA,0.5
35406000,FLORIDABLANCA,PAMPANGA,1
34907000,GABALDON (BITULOK & SABANI),NUEVA ECIJA,0.5
23113000,GAMU,ISABELA,0.5
153609000,GANASSI,LANAO DEL SUR,0.5
153819000,GEN. S. K. PENDATUN,MAGUINDANAO,0.5
34909000,GENERAL MAMERTO NATIVIDAD,NUEVA ECIJA,0.5
104309000,GITAGUM,MISAMIS ORIENTAL,1
175206000,GLORIA,ORIENTAL MINDORO,0.5
35407000,GUAGUA,PAMPANGA,1
184611000,GUIHULNGAN,NEGROS ORIENTAL,0.95
34911000,GUIMBA,NUEVA ECIJA,0.5
63020000,GUIMBAL,ILOILO,0.5
83719000,HILONGOS,LEYTE,0.5
184511000,HINIGARAN,NEGROS OCCIDENTAL,1
63021000,IGBARAS,ILOILO,0.5
15520000,INFANTA,PANGASINAN,1
104310000,INITAO,MISAMIS ORIENTAL,1
83722000,ISABEL,LEYTE,0.5
184514000,ISABELA,NEGROS OCCIDENTAL,1
34912000,JAEN,NUEVA ECIJA,0.5
63023000,JANIUAY,ILOILO,0.5
83724000,JAVIER (BUGHO),LEYTE,0.5
184612000,JIMALALUD,NEGROS ORIENTAL,0.95
104207000,JIMENEZ,MISAMIS OCCIDENTAL,0.5
23115000,JONES,ISABELA,0.5
83725000,JULITA,LEYTE,0.5
124703000,KABACAN,NORTH COTABATO,1
153814000,KABUNTALAN (TUMBAO),MAGUINDANAO,0.5
43409000,KALAYAAN,LAGUNA,0.5
83726000,KANANGA,LEYTE,0.5
153610000,KAPAI,LANAO DEL SUR,0.5
153639000,KAPATAGAN,LANAO DEL NORTE,1
153639000,KAPATAGAN,LANAO DEL SUR,0.5
25009000,KASIBU,NUEVA VIZCAYA,0.5
25010000,KAYAPA,NUEVA VIZCAYA,0.5
124704000,KIDAPAWAN CITY (Capital),NORTH COTABATO,1
184516000,LA CARLOTA CITY,NEGROS OCCIDENTAL,1
184517000,LA CASTELLANA,NEGROS OCCIDENTAL,1
184613000,LA LIBERTAD,NEGROS ORIENTAL,0.95
140108000,LA PAZ,LEYTE,0.5
15521000,LABRADOR,PANGASINAN,1
104314000,LAGUINDINGAN,MISAMIS ORIENTAL,1
103509000,LALA,LANAO DEL NORTE,1
63025000,LAMBUNAO,ILOILO,0.5
15548000,LAOAC,PANGASINAN,1
34913000,LAUR,NUEVA ECIJA,0.5
63026000,LEGANES,ILOILO,0.5
41012000,LEMERY,ILOILO,0.5
63028000,LEON,ILOILO,0.5
60610000,LIBERTAD,MISAMIS ORIENTAL,1
124705000,LIBUNGAN,NORTH COTABATO,1
34914000,LICAB,NUEVA ECIJA,0.5
43410000,LILIW,LAGUNA,0.5
34915000,LLANERA,NUEVA ECIJA,0.5
43411000,LOS BAÑOS,LAGUNA,0.5
35408000,LUBAO,PAMPANGA,1
143206000,LUBUAGAN,KALINGA,0.5
104316000,LUGAIT,MISAMIS ORIENTAL,1
153611000,LUMBA-BAYABAO (MAGUING),LANAO DEL SUR,0.5
153641000,LUMBACA-UNAYAN,LANAO DEL SUR,0.5
43413000,LUMBAN,LAGUNA,0.5
153612000,LUMBATAN,LANAO DEL SUR,0.5
153636000,LUMBAYANAGUE,LANAO DEL SUR,0.5
148105000,LUNA,ISABELA,0.5
148105000,LUNA,LA UNION,1
34916000,LUPAO,NUEVA ECIJA,0.5
124710000,M'LANG,NORTH COTABATO,1
35409000,MABALACAT,PAMPANGA,1
184614000,MABINAY,NEGROS ORIENTAL,0.95
15523000,MABINI,PANGASINAN,1
43414000,MABITAC,LAGUNA,0.5
35410000,MACABEBE,PAMPANGA,1
83730000,MACARTHUR,LEYTE,0.5
153613000,MADALUM,LANAO DEL SUR,0.5
153614000,MADAMBA,LANAO DEL SUR,0.5
35411000,MAGALANG,PAMPANGA,1
124706000,MAGPET,NORTH COTABATO,1
175105000,MAGSAYSAY,LANAO DEL NORTE,1
43416000,MAJAYJAY,LAGUNA,0.5
124707000,MAKILALA,NORTH COTABATO,1
15524000,MALASIQUI,PANGASINAN,1
23119000,MALLIG,ISABELA,0.5
153820000,MAMASAPANO,MAGUINDANAO,0.5
15525000,MANAOAG,PANGASINAN,1
184518000,MANAPLA,NEGROS OCCIDENTAL,1
15526000,MANGALDAN,PANGASINAN,1
15527000,MANGATAREM,PANGASINAN,1
175207000,MANSALAY,ORIENTAL MINDORO,0.5
15528000,MAPANDAN,PANGASINAN,1
153616000,MARANTAO,LANAO DEL SUR,0.5
54111000,MASBATE CITY (Capital),MASBATE,1
153618000,MASIU,LANAO DEL SUR,0.5
83733000,MATAG-OB,LEYTE,0.5
124708000,MATALAM,NORTH COTABATO,1
103513000,MATUNGAO,LANAO DEL NORTE,1
83736000,MERIDA,LEYTE,0.5
35413000,MEXICO,PAMPANGA,1
63030000,MIAGAO,ILOILO,0.5
124709000,MIDSAYAP,NORTH COTABATO,1
63031000,MINA,ILOILO,0.5
35414000,MINALIN,PAMPANGA,1
54113000,MOBO,MASBATE,1
184519000,MOISES PADILLA (MAGALLON),NEGROS OCCIDENTAL,1
153619000,MULONDO,LANAO DEL SUR,0.5
103514000,MUNAI,LANAO DEL NORTE,1
184520000,MURCIA,NEGROS OCCIDENTAL,1
137603000,MUNTINLUPA CITY,METRO MANILA,0
43417000,NAGCARLAN,LAGUNA,0.5
13311000,NAGUILIAN,ISABELA,0.5
13311000,NAGUILIAN,LA UNION,1
34918000,NAMPICUAN,NUEVA ECIJA,0.5
15529000,NATIVIDAD,PANGASINAN,1
63032000,NEW LUCENA,ILOILO,0.5
153834000,NORTHERN KABUNTALAN,MAGUINDANAO,0.5
103515000,NUNUNGAN,LANAO DEL NORTE,1
104321000,OPOL,MISAMIS ORIENTAL,1
83738000,ORMOC CITY,LEYTE,0.5
104209000,OROQUIETA CITY (Capital),MISAMIS OCCIDENTAL,0.5
63034000,OTON,ILOILO,0.5
104210000,OZAMIS CITY,MISAMIS OCCIDENTAL,0.5
43418000,PAETE,LAGUNA,0.5
153822000,PAGAGAWAN,MAGUINDANAO,0.5
153810000,PAGALUNGAN,MAGUINDANAO,0.5
153823000,PAGLAT,MAGUINDANAO,0.5
43419000,PAGSANJAN,LAGUNA,0.5
54115000,PALANAS,MASBATE,1
83739000,PALO,LEYTE,0.5
175107000,PALUAN,OCCIDENTAL MINDORO,1
184616000,PAMPLONA,NEGROS ORIENTAL,0.95
153833000,PANDAG,MAGUINDANAO,0.5
34920000,PANTABANGAN,NUEVA ECIJA,0.5
103516000,PANTAO RAGAT,LANAO DEL NORTE,1
103523000,PANTAR,LANAO DEL NORTE,1
144406000,PARACELIS,MOUNTAIN PROVINCE,0.5
137606000,PATEROS,METRO MANILA,0
63036000,PAVIA,ILOILO,0.5
34921000,PEÑARANDA,NUEVA ECIJA,0.5
124711000,PIGKAWAYAN,NORTH COTABATO,1
124712000,PIKIT,NORTH COTABATO,1
43422000,PILA,LAGUNA,0.5
175209000,PINAMALAYAN,ORIENTAL MINDORO,0.5
143209000,PINUKPUK,KALINGA,0.5
31417000,PLARIDEL,MISAMIS OCCIDENTAL,0.5
175210000,POLA,ORIENTAL MINDORO,0.5
184521000,PONTEVEDRA,NEGROS OCCIDENTAL,1
153622000,POONA BAYABAO (GATA),LANAO DEL SUR,0.5
35415000,PORAC,PAMPANGA,1
63037000,POTOTAN,ILOILO,0.5
15530000,POZZORUBIO,PANGASINAN,1
153623000,PUALAS,LANAO DEL SUR,0.5
13312000,PUGO,LA UNION,1
23122000,QUEZON,ISABELA,0.5
23122000,QUEZON,NUEVA ECIJA,0.5
23122000,QUEZON,NUEVA VIZCAYA,0.5
137404000,QUEZON CITY,METRO MANILA,0
23123000,QUIRINO,ISABELA,0.5
23124000,RAMON,ISABELA,0.5
23125000,REINA MERCEDES,ISABELA,0.5
21521000,RIZAL,LAGUNA,0.5
21521000,RIZAL,NUEVA ECIJA,0.5
21521000,RIZAL,OCCIDENTAL MINDORO,1
143211000,RIZAL (LIWAN),KALINGA,0.5
13313000,ROSARIO,LA UNION,1
23126000,ROXAS,ISABELA,0.5
23126000,ROXAS,ORIENTAL MINDORO,0.5
144409000,SAGADA,MOUNTAIN PROVINCE,0.5
153625000,SAGUIARAN,LANAO DEL SUR,0.5
104322000,SALAY,MISAMIS ORIENTAL,1
103518000,SALVADOR,LANAO DEL NORTE,1
184532000,SALVADOR BENEDICTO,NEGROS OCCIDENTAL,1
23127000,SAN AGUSTIN,ISABELA,0.5
34924000,SAN ANTONIO,NORTHERN SAMAR,0.5
34924000,SAN ANTONIO,NUEVA ECIJA,0.5
184525000,SAN ENRIQUE,ILOILO,0.5
184525000,SAN ENRIQUE,NEGROS OCCIDENTAL,1
175913000,SAN FERNANDO,MASBATE,1
13315000,SAN GABRIEL,LA UNION,1
23128000,SAN GUILLERMO,ISABELA,0.5
140121000,SAN ISIDRO,ISABELA,0.5
140121000,SAN ISIDRO,LEYTE,0.5
140121000,SAN ISIDRO,NUEVA ECIJA,0.5
15534000,SAN JACINTO,MASBATE,1
63040000,SAN JOAQUIN,ILOILO,0.5
184617000,SAN JOSE,NEGROS ORIENTAL,0.95
34926000,SAN JOSE CITY,NUEVA ECIJA,0.5
140122000,SAN JUAN,LA UNION,1
34927000,SAN LEONARDO,NUEVA ECIJA,0.5
35417000,SAN LUIS,PAMPANGA,1
15535000,SAN MANUEL,ISABELA,0.5
23131000,SAN MARIANO,ISABELA,0.5
23132000,SAN MATEO,ISABELA,0.5
31421000,SAN MIGUEL,ILOILO,0.5
31421000,SAN MIGUEL,LEYTE,0.5
23133000,SAN PABLO,ISABELA,0.5
43424000,SAN PABLO CITY,LAGUNA,0.5
31422000,SAN RAFAEL,ILOILO,0.5
84820000,SAN ROQUE,NORTHERN SAMAR,0.5
35418000,SAN SIMON,PAMPANGA,1
21523000,SANTA ANA,PAMPANGA,1
15538000,SANTA BARBARA,ILOILO,0.5
184618000,SANTA CATALINA,NEGROS ORIENTAL,0.95
12924000,SANTA CRUZ,OCCIDENTAL MINDORO,1
43426000,SANTA CRUZ (Capital),LAGUNA,0.5
25012000,SANTA FE,LEYTE,0.5
25012000,SANTA FE,NUEVA VIZCAYA,0.5
12926000,SANTA MARIA,ISABELA,0.5
12926000,SANTA MARIA,LAGUNA,0.5
35420000,SANTA RITA,PAMPANGA,1
34928000,SANTA ROSA,LAGUNA,0.5
34928000,SANTA ROSA,NUEVA ECIJA,0.5
12928000,SANTO DOMINGO,NUEVA ECIJA,0.5
13317000,SANTO TOMAS,ISABELA,0.5
13317000,SANTO TOMAS,PAMPANGA,1
103519000,SAPAD,LANAO DEL NORTE,1
63044000,SARA,ILOILO,0.5
184619000,SIATON,NEGROS ORIENTAL,0.95
184526000,SILAY CITY,NEGROS OCCIDENTAL,1
175214000,SOCORRO,ORIENTAL MINDORO,0.5
25013000,SOLANO,NUEVA VIZCAYA,0.5
153817000,SOUTH UPI,MAGUINDANAO,0.5
153812000,SULTAN KUDARAT (NULING),MAGUINDANAO,0.5
153813000,SULTAN SA BARONGIS (LAMBAYONG),MAGUINDANAO,0.5
83746000,TABONTABON,LEYTE,0.5
144410000,TADIAN,MOUNTAIN PROVINCE,0.5
103520000,TAGOLOAN,LANAO DEL NORTE,1
103520000,TAGOLOAN,MISAMIS ORIENTAL,1
137607000,TAGUIG CITY,METRO MANILA,0
34930000,TALAVERA,NUEVA ECIJA,0.5
104325000,TALISAYAN,MISAMIS ORIENTAL,1
153821000,TALITAY,MAGUINDANAO,0.5
34931000,TALUGTUG,NUEVA ECIJA,0.5
153626000,TAMPARAN,LANAO DEL SUR,0.5
83748000,TANAUAN,LEYTE,0.5
184622000,TAYASAN,NEGROS ORIENTAL,0.95
63045000,TIGBAUAN,ILOILO,0.5
184529000,TOBOSO,NEGROS OCCIDENTAL,1
13320000,TUBAO,LA UNION,1
63046000,TUBUNGAN,ILOILO,0.5
124714000,TULUNAN,NORTH COTABATO,1
23137000,TUMAUINI,ISABELA,0.5
153815000,UPI,MAGUINDANAO,0.5
54121000,USON,MASBATE,1
184530000,VALLADOLID,NEGROS OCCIDENTAL,1
184624000,VALLEHERMOSO,NEGROS ORIENTAL,0.95
36917000,VICTORIA,LAGUNA,0.5
36917000,VICTORIA,NORTHERN SAMAR,0.5
36917000,VICTORIA,ORIENTAL MINDORO,0.5
83751000,VILLABA,LEYTE,0.5
104326000,VILLANUEVA,MISAMIS ORIENTAL,1
25014000,VILLAVERDE,NUEVA VIZCAYA,0.5
153630000,WAO,LANAO DEL SUR,0.5
184625000,ZAMBOANGUITA,NEGROS ORIENTAL,0.95
34932000,ZARAGOZA,NUEVA ECIJA,0.5
63047000,ZARRAGA,ILOILO,0.5
175205000,CALAPAN CITY (Capital),ORIENTAL MINDORO,0.5
23135000,SANTIAGO CITY,ISABELA,0.5
43405000,CALAMBA CITY,LAGUNA,0.5
23108000,CAUAYAN CITY,ISABELA,0.5
184515000,KABANKALAN CITY,NEGROS OCCIDENTAL,1
34908000,GAPAN CITY,NUEVA ECIJA,0.5
34917000,MUÑOZ SCIENCE CITY,NUEVA ECIJA,0.5
184528000,TALISAY CITY,NEGROS OCCIDENTAL,1
63035000,PASSI CITY,ILOILO,0.5
184510000,HIMAMAYLAN CITY,NEGROS OCCIDENTAL,1
184621000,TANJAY CITY,NEGROS ORIENTAL,0.95
143213000,TABUK (Capital),KALINGA,0.5
103506000,SULTAN NAGA DIMAPORO,LANAO DEL NORTE,1
153617000,MARAWI CITY,LANAO DEL SUR,0.5
137403000,PASIG CITY,METRO MANILA,0
137402000,MARIKINA CITY,METRO MANILA,0
137601000,LAS PIÑAS CITY,METRO MANILA,0
174001000,BOAC (Capital),MARINDUQUE,1
63022000,ILOILO CITY (Capital),ILOILO,0.5
15522000,LINGAYEN (Capital),PANGASINAN,1
175106000,MAMBURAO (Capital),OCCIDENTAL MINDORO,1
34919000,PALAYAN CITY (Capital),NUEVA ECIJA,0.5
13314000,SAN FERNANDO CITY (Capital),LA UNION,1
13314000,SAN FERNANDO CITY (Capital),PAMPANGA,1
175301000,ABORLAN,PALAWAN,1
45601000,AGDANGAN,QUEZON,1
25701000,AGLIPAY,QUIRINO,0.5
175302000,AGUTAYA,PALAWAN,1
63001000,AJUY,ILOILO,0.5
175901000,ALCANTARA,CEBU,1
175901000,ALCANTARA,ROMBLON,1
72203000,ALEGRIA,SURIGAO DEL NORTE,0.5
87801000,ALMERIA,BILIRAN,1
36901000,ANAO,TARLAC,1
45801000,ANGONO,RIZAL,1
60601000,ANINI-Y,ANTIQUE,1
21505000,APARRI,CAGAYAN,0.5
175303000,ARACELI,PALAWAN,1
54101000,AROROY,MASBATE,1
112301000,ASUNCION (SAUG),DAVAO DEL NORTE,0.5
23103000,AURORA,ZAMBOANGA DEL SUR,1
83705000,BABATNGON,LEYTE,0.5
50501000,BACACAY,ALBAY,0.5
71205000,BACLAYON,BOHOL,1
42103000,BACOOR,CAVITE,0.5
166702000,BACUAG,SURIGAO DEL NORTE,0.5
72207000,BADIAN,CEBU,1
12803000,BADOC,ILOCOS NORTE,1
52001000,BAGAMANOC,CATANDUANES,1
112501000,BAGANGA,DAVAO ORIENTAL,1
126501000,BAGUMBAYAN,SULTAN KUDARAT,0.5
184604000,BAIS CITY,NEGROS ORIENTAL,0.95
175304000,BALABAC,PALAWAN,1
37701000,BALER (Capital),AURORA,0.5
41004000,BALETE,BATANGAS,1
104202000,BALIANGAO,MISAMIS OCCIDENTAL,0.5
97224000,BALIGUIAN,ZAMBOANGA DEL NORTE,1
153603000,BALINDONG (WATU),LANAO DEL SUR,0.5
54103000,BALUD,MASBATE,1
36902000,BAMBAN,TARLAC,1
60403000,BANGA,SOUTH COTABATO,1
72209000,BANTAYAN,CEBU,1
56202000,BARCELONA,SORSOGON,1
63009000,BATAD,ILOILO,0.5
60404000,BATAN,AKLAN,0.5
175305000,BATARAZA,PALAWAN,1
41005000,BATANGAS CITY (Capital),BATANGAS,1
51703000,BATO,CATANDUANES,1
51703000,BATO,LEYTE,0.5
54104000,BATUAN,MASBATE,1
166802000,BAYABAS,SURIGAO DEL SUR,0.5
97303000,BAYOG,ZAMBOANGA DEL SUR,1
71248000,BIEN UNIDO,BOHOL,1
84803000,BOBON,NORTHERN SAMAR,0.5
37101000,BOTOLAN,ZAMBALES,1
45605000,BUENAVISTA,BOHOL,1
45605000,BUENAVISTA,GUIMARAS,0.92
45605000,BUENAVISTA,MARINDUQUE,1
45605000,BUENAVISTA,QUEZON,1
60604000,BUGASONG,ANTIQUE,1
175204000,BULALACAO (SAN PEDRO),ORIENTAL MINDORO,0.5
56203000,BULAN,SORSOGON,1
12806000,BURGOS,SURIGAO DEL NORTE,0.5
175307000,BUSUANGA,PALAWAN,1
98302000,BUUG,ZAMBOANGA SIBUGAY,0.5
37102000,CABANGAN,ZAMBALES,1
25702000,CABARROGUIS (Capital),QUIRINO,0.5
12905000,CABUGAO,ILOCOS SUR,1
43404000,CABUYAO,LAGUNA,0.5
168502000,CAGDIANAO,DINAGAT ISLAND,0.5
45805000,CAINTA,RIZAL,1
175903000,CAJIDIOCAN,ROMBLON,1
51708000,CALABANGA,CAMARINES SUR,1
71210000,CALAPE,BOHOL,1
45607000,CALAUAG,QUEZON,1
21509000,CALAYAN,CAGAYAN,0.5
86003000,CALBAYOG CITY,SAMAR,1
86004000,CALBIGA,SAMAR,1
60605000,CALUYA,ANTIQUE,1
36903000,CAMILING,TARLAC,1
37103000,CANDELARIA,QUEZON,1
71211000,CANDIJAY,BOHOL,1
36904000,CAPAS,TARLAC,1
51711000,CARAMOAN,CAMARINES SUR,1
63014000,CARLES,ILOILO,0.5
71212000,CARMEN,CEBU,1
71212000,CARMEN,SURIGAO DEL SUR,0.5
37702000,CASIGURAN,AURORA,0.5
37702000,CASIGURAN,SORSOGON,1
56206000,CASTILLA,SORSOGON,1
37104000,CASTILLEJOS,ZAMBALES,1
184507000,CAUAYAN,NEGROS OCCIDENTAL,1
54106000,CAWAYAN,MASBATE,1
126502000,COLUMBIO,SULTAN KUDARAT,0.5
36905000,CONCEPCION,ILOILO,0.5
36905000,CONCEPCION,TARLAC,1
60606000,CULASI,ANTIQUE,1
72221000,DAANBANTAYAN,CEBU,1
72223000,DANAO CITY,CEBU,1
153827000,DATU UNSAY,MAGUINDANAO,0.5
51712000,DEL GALLEGO,CAMARINES SUR,1
25703000,DIFFUN,QUIRINO,0.5
97306000,DINAS,ZAMBOANGA DEL SUR,1
98303000,DIPLAHAN,ZAMBOANGA SIBUGAY,0.5
140107000,DOLORES,EASTERN SAMAR,0.5
140107000,DOLORES,QUEZON,1
56207000,DONSOL,SORSOGON,1
97307000,DUMALINAO,ZAMBOANGA DEL SUR,1
72224000,DUMANJUG,CEBU,1
97308000,DUMINGAG,ZAMBOANGA DEL SUR,1
184508000,ENRIQUE B. MAGALONA (SARAVIA),NEGROS OCCIDENTAL,1
76101000,ENRIQUE VILLANUEVA,SIQUIJOR,1
184509000,ESCALANTE CITY,NEGROS OCCIDENTAL,1
54109000,ESPERANZA,SULTAN KUDARAT,0.5
63019000,ESTANCIA,ILOILO,0.5
175916000,FERROL,ROMBLON,1
84807000,GAMAY,NORTHERN SAMAR,0.5
51714000,GARCHITORENA,CAMARINES SUR,1
174003000,GASAN,MARINDUQUE,1
45616000,GENERAL LUNA,QUEZON,1
45617000,GENERAL NAKAR,QUEZON,1
126303000,GENERAL SANTOS CITY (DADIANGAS),SOUTH COTABATO,1
34910000,GENERAL TINIO (PAPAYA),NUEVA ECIJA,0.5
36906000,GERONA,TARLAC,1
112506000,GOVERNOR GENEROSO,DAVAO ORIENTAL,1
56208000,GUBAT,SORSOGON,1
45618000,GUINAYANGAN,QUEZON,1
97343000,GUIPOS,ZAMBOANGA DEL SUR,1
82609000,GUIUAN,EASTERN SAMAR,0.5
45619000,GUMACA,QUEZON,1
97223000,GUTALAC,ZAMBOANGA DEL NORTE,1
150712000,HADJI MUHTAMAD,BASILAN,1
83720000,HINDANG,LEYTE,0.5
184512000,HINOBA-AN (ASIA),NEGROS OCCIDENTAL,1
86404000,HINUNDAYAN,SOUTHERN LEYTE,1
37105000,IBA (Capital),ZAMBALES,1
103504000,ILIGAN CITY,LANAO DEL NORTE,1
184513000,ILOG,NEGROS OCCIDENTAL,1
98304000,IMELDA,ZAMBOANGA SIBUGAY,0.5
71224000,INABANGA,BOHOL,1
56209000,IROSIN,SORSOGON,1
99701000,ISABELA CITY (Capital),BASILAN,1
20902000,ITBAYAT,BATANES,0.5
61905000,IVISAN,CAPIZ,0.5
45807000,JALA-JALA,RIZAL,1
71226000,JETAFE,BOHOL,1
86009000,JIABONG,SAMAR,1
45621000,JOMALIG,QUEZON,1
97222000,JOSE DALMAN (PONOT),ZAMBOANGA DEL NORTE,1
97337000,JOSEFINA,ZAMBOANGA DEL SUR,1
98306000,KABASALAN,ZAMBOANGA SIBUGAY,0.5
97227000,KALAWIT,ZAMBOANGA DEL NORTE,1
137501000,CALOOKAN CITY,METRO MANILA,0
112305000,KAPALONG,DAVAO DEL NORTE,0.5
97203000,KATIPUNAN,ZAMBOANGA DEL NORTE,1
128003000,KIAMBA,SARANGANI,1
184613000,LA LIBERTAD,ZAMBOANGA DEL NORTE,1
140108000,LA PAZ,TARLAC,1
97312000,LABANGAN,ZAMBOANGA DEL SUR,1
97205000,LABASON,ZAMBOANGA DEL NORTE,1
21516000,LAL-LO,CAGAYAN,0.5
126508000,LAMBAYONG (MARIANO MARCOS),SULTAN KUDARAT,0.5
84808000,LAOANG,NORTHERN SAMAR,0.5
72226000,LAPU-LAPU CITY (OPON),CEBU,1
76102000,LARENA,SIQUIJOR,1
84811000,LAVEZARES,NORTHERN SAMAR,0.5
76103000,LAZI,SIQUIJOR,1
126506000,LEBAK,SULTAN KUDARAT,0.5
83729000,LEYTE,LEYTE,0.5
168504000,LIBJO (ALBOR),DINAGAT ISLAND,0.5
51718000,LIBMANAN,CAMARINES SUR,1
175103000,LOOC,OCCIDENTAL MINDORO,1
71230000,LOON,BOHOL,1
45622000,LOPEZ,QUEZON,1
160305000,LORETO,DINAGAT ISLAND,0.5
175104000,LUBANG,OCCIDENTAL MINDORO,1
45623000,LUCBAN,QUEZON,1
126507000,LUTAYAN,SULTAN KUDARAT,0.5
128004000,MAASIM,SARANGANI,1
15523000,MABINI,BOHOL,1
45625000,MACALELON,QUEZON,1
86408000,MACROHON,SOUTHERN LEYTE,1
25704000,MADDELA,QUIRINO,0.5
166813000,MADRID,SURIGAO DEL SUR,0.5
42112000,MAGALLANES,AGUSAN DEL NORTE,0.5
175908000,MAGDIWANG,ROMBLON,1
175105000,MAGSAYSAY,OCCIDENTAL MINDORO,1
97315000,MAHAYAG,ZAMBOANGA DEL SUR,1
166714000,MAINIT,SURIGAO DEL NORTE,0.5
128005000,MAITUM,SARANGANI,1
128006000,MALAPATAN,SARANGANI,1
60412000,MALAY,AKLAN,0.5
50509000,MALILIPOT,ALBAY,0.5
86409000,MALITBOG,SOUTHERN LEYTE,1
128007000,MALUNGON,SARANGANI,1
150704000,MALUSO,BASILAN,1
54110000,MANDAON,MASBATE,1
184615000,MANJUYOD,NEGROS ORIENTAL,0.95
76104000,MARIA,SIQUIJOR,1
30807000,MARIVELES,BATAAN,0.5
83734000,MATALOM,LEYTE,0.5
112509000,MATI (Capital),DAVAO ORIENTAL,1
36908000,MAYANTOC,TARLAC,1
72231000,MEDELLIN,CEBU,1
51607000,MERCEDES,CAMARINES NORTE,0.5
51607000,MERCEDES,EASTERN SAMAR,0.5
97318000,MIDSALIP,ZAMBOANGA DEL SUR,1
54112000,MILAGROS,MASBATE,1
72233000,MOALBOAL,CEBU,1
174004000,MOGPOG,MARINDUQUE,1
97319000,MOLAVE,ZAMBOANGA DEL SUR,1
36909000,MONCADA,TARLAC,1
84813000,MONDRAGON,NORTHERN SAMAR,0.5
30808000,MORONG,BATAAN,0.5
30808000,MORONG,RIZAL,1
45628000,MULANAY,QUEZON,1
98309000,NAGA,ZAMBOANGA SIBUGAY,0.5
25706000,NAGTIPUNAN,QUIRINO,0.5
41019000,NASUGBU,BATANGAS,1
175208000,NAUJAN,ORIENTAL MINDORO,0.5
87808000,NAVAL (Capital),BILIRAN,1
60415000,NEW WASHINGTON,AKLAN,0.5
126311000,NORALA,SOUTH COTABATO,1
67903000,NUEVA VALENCIA,GUIMARAS,0.92
175909000,ODIONGAN,ROMBLON,1
37107000,OLONGAPO CITY,ZAMBALES,1
45629000,PADRE BURGOS,SOUTHERN LEYTE,1
12815000,PAGUDPUD,ILOCOS NORTE,1
43420000,PAKIL,LAGUNA,0.5
23121000,PALANAN,ISABELA,0.5
126509000,PALIMBANG,SULTAN KUDARAT,0.5
83740000,PALOMPON,LEYTE,0.5
84815000,PAMBUJAN,NORTHERN SAMAR,0.5
61909000,PANAY,CAPIZ,0.5
52006000,PANDAN,CATANDUANES,1
52007000,PANGANIBAN (PAYO),CATANDUANES,1
71233000,PANGLAO,BOHOL,1
36910000,PANIQUI,TARLAC,1
45631000,PANUKULAN,QUEZON,1
21519000,PEÑABLANCA,CAGAYAN,0.5
140119000,PILAR,CAPIZ,0.5
140119000,PILAR,SORSOGON,1
140119000,PILAR,SURIGAO DEL NORTE,0.5
45810000,PILILLA,RIZAL,1
86013000,PINABACDAO,SAMAR,1
54117000,PLACER,MASBATE,1
31417000,PLARIDEL,QUEZON,1
97210000,POLANCO,ZAMBOANGA DEL NORTE,1
126312000,POLOMOLOK,SOUTH COTABATO,1
184521000,PONTEVEDRA,CAPIZ,0.5
71235000,PRES. CARLOS P. GARCIA (PITOGO),BOHOL,1
61913000,PRESIDENT ROXAS,CAPIZ,0.5
61913000,PRESIDENT ROXAS,NORTH COTABATO,1
56214000,PRIETO DIAZ,SORSOGON,1
184522000,PULUPANDAN,NEGROS OCCIDENTAL,1
36911000,PURA,TARLAC,1
23122000,QUEZON,QUEZON,1
82618000,QUINAPONDAN,EASTERN SAMAR,0.5
51730000,RAGAY,CAMARINES SUR,1
97323000,RAMON MAGSAYSAY (LIARGO),ZAMBOANGA DEL SUR,1
36912000,RAMOS,TARLAC,1
50515000,RAPU-RAPU,ALBAY,0.5
45638000,REAL,QUEZON,1
21521000,RIZAL,ZAMBOANGA DEL NORTE,1
45808000,RODRIGUEZ (MONTALBAN),RIZAL,1
15531000,ROSALES,PANGASINAN,1
13313000,ROSARIO,NORTHERN SAMAR,0.5
175109000,SABLAYAN,OCCIDENTAL MINDORO,1
20905000,SABTANG,BATANES,0.5
184523000,SAGAY CITY,NEGROS OCCIDENTAL,1
25705000,SAGUDAY,QUIRINO,0.5
86412000,SAINT BERNARD,SOUTHERN LEYTE,1
45640000,SAN ANDRES,ROMBLON,1
34924000,SAN ANTONIO,QUEZON,1
184524000,SAN CARLOS CITY,NEGROS OCCIDENTAL,1
184524000,SAN CARLOS CITY,PANGASINAN,1
63038000,SAN DIONISIO,ILOILO,0.5
15533000,SAN FABIAN,PANGASINAN,1
37110000,SAN FELIPE,ZAMBALES,1
72242000,SAN FRANCISCO,CEBU,1
72242000,SAN FRANCISCO,SOUTHERN LEYTE,1
166719000,SAN FRANCISCO (ANAO-AON),SURIGAO DEL NORTE,0.5
45642000,SAN FRANCISCO (AURORA),QUEZON,1
140121000,SAN ISIDRO,NORTHERN SAMAR,0.5
140121000,SAN ISIDRO,SURIGAO DEL NORTE,0.5
15534000,SAN JACINTO,PANGASINAN,1
86025000,SAN JORGE,SAMAR,1
184617000,SAN JOSE,NORTHERN SAMAR,0.5
184617000,SAN JOSE,OCCIDENTAL MINDORO,1
184617000,SAN JOSE,ROMBLON,1
184617000,SAN JOSE,TARLAC,1
140122000,SAN JUAN,SIQUIJOR,1
15535000,SAN MANUEL,PANGASINAN,1
15535000,SAN MANUEL,TARLAC,1
37111000,SAN MARCELINO,ZAMBALES,1
23132000,SAN MATEO,RIZAL,1
31421000,SAN MIGUEL,SURIGAO DEL SUR,0.5
31421000,SAN MIGUEL,ZAMBOANGA DEL SUR,1
37112000,SAN NARCISO,QUEZON,1
37112000,SAN NARCISO,ZAMBALES,1
12820000,SAN NICOLAS,BATANGAS,1
12820000,SAN NICOLAS,PANGASINAN,1
41026000,SAN PASCUAL,MASBATE,1
82621000,SAN POLICARPO,EASTERN SAMAR,0.5
140123000,SAN QUINTIN,PANGASINAN,1
86015000,SAN SEBASTIAN,SAMAR,1
12921000,SAN VICENTE,NORTHERN SAMAR,0.5
21523000,SANTA ANA,CAGAYAN,0.5
15538000,SANTA BARBARA,PANGASINAN,1
12924000,SANTA CRUZ,MARINDUQUE,1
25012000,SANTA FE,CEBU,1
36915000,SANTA IGNACIA,TARLAC,1
86016000,SANTA MARGARITA,SAMAR,1
12926000,SANTA MARIA,PANGASINAN,1
21525000,SANTA TERESITA,CAGAYAN,0.5
126318000,SANTO NIÑO,SOUTH COTABATO,1
13317000,SANTO TOMAS,LA UNION,1
13317000,SANTO TOMAS,PANGASINAN,1
45645000,SARIAYA,QUEZON,1
126512000,SEN. NINOY AQUINO,SULTAN KUDARAT,0.5
153837000,SHARIFF SAYDONA MUSTAPHA,MAGUINDANAO,0.5
67905000,SIBUNAG,GUIMARAS,0.92
157011000,SIBUTU,TAWI-TAWI,0.9
97218000,SINDANGAN,ZAMBOANGA DEL NORTE,1
97219000,SIOCON,ZAMBOANGA DEL NORTE,1
97220000,SIRAWAI,ZAMBOANGA DEL NORTE,1
51735000,SIRUMA,CAMARINES SUR,1
15541000,SISON,PANGASINAN,1
15541000,SISON,SURIGAO DEL NORTE,0.5
37114000,SUBIC,ZAMBALES,1
126313000,SURALLAH,SOUTH COTABATO,1
126316000,T'BOLI,SOUTH COTABATO,1
83745000,TABANGO,LEYTE,0.5
97327000,TABINA,ZAMBOANGA DEL SUR,1
150713000,TABUAN-LASA,BASILAN,1
82623000,TAFT,EASTERN SAMAR,0.5
71242000,TAGBILARAN CITY (Capital),BOHOL,1
45646000,TAGKAWAYAN,QUEZON,1
166818000,TAGO,SURIGAO DEL SUR,0.5
71243000,TALIBON,BOHOL,1
41030000,TALISAY,BATANGAS,1
97328000,TAMBULIG,ZAMBOANGA DEL SUR,1
126314000,TAMPAKAN,SOUTH COTABATO,1
97221000,TAMPILISAN,ZAMBOANGA DEL NORTE,1
45812000,TANAY,RIZAL,1
60417000,TANGALAN,AKLAN,0.5
104215000,TANGUB CITY,MISAMIS OCCIDENTAL,0.5
126315000,TANTANGAN,SOUTH COTABATO,1
42120000,TANZA,CAVITE,0.5
45647000,TAYABAS,QUEZON,1
45813000,TAYTAY,RIZAL,1
15543000,TAYUG,PANGASINAN,1
45814000,TERESA,RIZAL,1
45648000,TIAONG,QUEZON,1
98315000,TITAY,ZAMBOANGA SIBUGAY,0.5
174006000,TORRIJOS,MARINDUQUE,1
71245000,TUBIGON,BOHOL,1
150707000,TUBURAN,CEBU,1
97330000,TUKURAN,ZAMBOANGA DEL SUR,1
71246000,UBAY,BOHOL,1
15544000,UMINGAN,PANGASINAN,1
15545000,URBIZTONDO,PANGASINAN,1
36917000,VICTORIA,TARLAC,1
52010000,VIGA,CATANDUANES,1
15547000,VILLASIS,PANGASINAN,1
51612000,VINZONS,CAMARINES NORTE,0.5
45802000,ANTIPOLO CITY,RIZAL,1
15546000,URDANETA CITY,PANGASINAN,1
97202000,DIPOLOG CITY (Capital),ZAMBOANGA DEL NORTE,1
23114000,ILAGAN (Capital),ISABELA,0.5
50517000,TABACO CITY,ALBAY,0.5
184527000,SIPALAY CITY,NEGROS OCCIDENTAL,1
184531000,VICTORIAS CITY,NEGROS OCCIDENTAL,1
72220000,CORDOVA,CEBU,1
98305000,IPIL,ZAMBOANGA SIBUGAY,0.5
126511000,TACURONG CITY,SULTAN KUDARAT,0.5
128001000,ALABEL (Capital),SARANGANI,1
126504000,ISULAN (Capital),SULTAN KUDARAT,0.5
126306000,KORONADAL CITY (Capital),SOUTH COTABATO,1
86407000,MAASIN CITY (Capital),SOUTHERN LEYTE,1
61914000,ROXAS CITY (Capital),CAPIZ,0.5
76106000,SIQUIJOR (Capital),SIQUIJOR,1
56216000,SORSOGON CITY (Capital),SORSOGON,1
83747000,TACLOBAN CITY (Capital),LEYTE,0.5
36918000,TARLAC CITY (Capital),TARLAC,1
15503000,ALAMINOS CITY,PANGASINAN,1
23101000,ALICIA,ZAMBOANGA SIBUGAY,0.5
15505000,ANDA,PANGASINAN,1
86002000,BASEY,SAMAR,1
45804000,BINANGONAN,RIZAL,1
15514000,BOLINAO,PANGASINAN,1
45606000,BURDEOS,QUEZON,1
175308000,CAGAYANCILLO,PALAWAN,1
184505000,CALATRAVA,ROMBLON,1
37103000,CANDELARIA,ZAMBALES,1
166805000,CANTILAN,SURIGAO DEL SUR,0.5
166807000,CARRASCAL,SURIGAO DEL SUR,0.5
45610000,CATANAUAN,QUEZON,1
166706000,CLAVER,SURIGAO DEL NORTE,0.5
36905000,CONCEPCION,ROMBLON,1
175906000,CORCUERA,ROMBLON,1
175309000,CORON,PALAWAN,1
175322000,CULION,PALAWAN,1
175310000,CUYO,PALAWAN,1
166707000,DAPA,SURIGAO DEL NORTE,0.5
97201000,DAPITAN CITY,ZAMBOANGA DEL NORTE,1
15519000,DASOL,PANGASINAN,1
97305000,DIMATALING,ZAMBOANGA DEL SUR,1
175311000,DUMARAN,PALAWAN,1
175312000,EL NIDO (BACUIT),PALAWAN,1
86007000,GANDARA,SAMAR,1
45616000,GENERAL LUNA,SURIGAO DEL NORTE,0.5
166711000,GIGAQUIT,SURIGAO DEL NORTE,0.5
166809000,HINATUAN,SURIGAO DEL SUR,0.5
86403000,HINUNANGAN,SOUTHERN LEYTE,1
15520000,INFANTA,QUEZON,1
56210000,JUBAN,SORSOGON,1
43409000,KALAYAAN,PALAWAN,1
156603000,KALINGALAN CALUANG,SULU,1
97311000,KUMALARANG,ZAMBOANGA DEL SUR,1
97313000,LAPUYAN,ZAMBOANGA DEL SUR,1
72227000,LILOAN,SOUTHERN LEYTE,1
175313000,LINAPACAN,PALAWAN,1
175103000,LOOC,ROMBLON,1
98307000,MABUHAY,ZAMBOANGA SIBUGAY,0.5
42112000,MAGALLANES,SORSOGON,1
175105000,MAGSAYSAY,PALAWAN,1
98308000,MALANGAS,ZAMBOANGA SIBUGAY,0.5
37106000,MASINLOC,ZAMBALES,1
56212000,MATNOG,SORSOGON,1
45627000,MAUBAN,QUEZON,1
175315000,NARRA,PALAWAN,1
156607000,OLD PANAMAO,SULU,1
156619000,OMAR,SULU,1
45629000,PADRE BURGOS,QUEZON,1
97322000,PAGADIAN CITY (Capital),ZAMBOANGA DEL SUR,1
45630000,PAGBILAO,QUEZON,1
37108000,PALAUIG,ZAMBALES,1
156611000,PATIKUL,SULU,1
45632000,PATNANUNGAN,QUEZON,1
98311000,PAYAO,ZAMBOANGA SIBUGAY,0.5
54117000,PLACER,SURIGAO DEL NORTE,0.5
45636000,POLILLO,QUEZON,1
126510000,PRESIDENT QUIRINO,SULTAN KUDARAT,0.5
175316000,PUERTO PRINCESA CITY (Capital),PALAWAN,1
23122000,QUEZON,PALAWAN,1
175323000,RIZAL (MARCOS),PALAWAN,1
98312000,ROSELLER LIM,ZAMBOANGA SIBUGAY,0.5
23126000,ROXAS,PALAWAN,1
23127000,SAN AGUSTIN,ROMBLON,1
23127000,SAN AGUSTIN,SURIGAO DEL SUR,0.5
45640000,SAN ANDRES,QUEZON,1
34924000,SAN ANTONIO,ZAMBALES,1
175913000,SAN FERNANDO,ROMBLON,1
23133000,SAN PABLO,ZAMBOANGA DEL SUR,1
12921000,SAN VICENTE,PALAWAN,1
12924000,SANTA CRUZ,ZAMBALES,1
25012000,SANTA FE,ROMBLON,1
35420000,SANTA RITA,SAMAR,1
126318000,SANTO NIÑO,SAMAR,1
98313000,SIAY,ZAMBOANGA SIBUGAY,0.5
175214000,SOCORRO,SURIGAO DEL NORTE,0.5
175324000,SOFRONIO ESPAÑOLA,PALAWAN,1
15542000,SUAL,PANGASINAN,1
166724000,SURIGAO CITY (Capital),SURIGAO DEL NORTE,0.5
166725000,TAGANA-AN,SURIGAO DEL NORTE,0.5
86024000,TAGAPUL-AN,SAMAR,1
166819000,TANDAG (Capital),SURIGAO DEL SUR,0.5
45813000,TAYTAY,PALAWAN,1
156615000,TONGKIL,SULU,1
98316000,TUNGAWAN,ZAMBOANGA SIBUGAY,0.5
97332000,ZAMBOANGA CITY,ZAMBOANGA DEL SUR,1
157004000,SIMUNUL,TAWI-TAWI,0.9
157009000,LANGUYAN,TAWI-TAWI,0.9
157010000,SAPA-SAPA,TAWI-TAWI,0.9
157005000,SITANGKAI,TAWI-TAWI,0.9
157006000,SOUTH UBIAN,TAWI-TAWI,0.9
45624000,LUCENA CITY (Capital),QUEZON,1
175910000,ROMBLON (Capital),ROMBLON,1
86005000,CATBALOGAN (Capital),SAMAR,1
157002000,BONGAO,TAWI-TAWI,0.9
